id;nom;description;nb_heures;date_debut;date_fin
1;Bedfordshire copy generate;online transmit;83835;2021-01-29;2021-01-29
2;cross-platform ivory silver;silver;79726;2021-01-28;2021-01-28
3;Forward functionalities;payment;28871;2021-01-29;2021-01-29
4;panel dynamic;Metal navigate;84159;2021-01-29;2021-01-28
5;Handcrafted Fresh Soap Bacon;Bacon Investment Account;66167;2021-01-29;2021-01-28
6;Associate;Concrete integrated orchestrate;89350;2021-01-29;2021-01-28
7;monitor Belize Dollar Rustic;HTTP Checking Account Berkshire;25755;2021-01-28;2021-01-29
8;motivating Sausages Table;Personal Loan Account;75705;2021-01-29;2021-01-29
9;Armenian Dram;Digitized Berkshire Small Concrete Soap;90126;2021-01-28;2021-01-29
10;Tasty Granite Soap;Usability;66674;2021-01-29;2021-01-28
